{
    "damage_states": [
        "failure",
        "survival"
    ],
    "scenarios": {
        "s1": {
            "e1": [
                3.59482e-05,
                0.9999640518
            ],
            "e2": [
                0.308247871,
                0.691752129
            ],
            "e3": [
                0.0028304473,
                0.9971695527
            ],
            "e4": [
                0.3300801333,
                0.6699198667
            ],
            "e5": [
                0.0,
                1.0
            ],
            "e6": [
                0.0118248587,
                0.9881751413
            ],
            "e7": [
                0.0,
                1.0
            ]
        },
        "s2": {
            "e1": [
                0.0,
                1.0
            ],
            "e2": [
                0.3604217474,
                0.6395782526
            ],
            "e3": [
                0.0,
                1.0
            ],
            "e4": [
                0.3730008009,
                0.6269991991
            ],
            "e5": [
                0.9898508334,
                0.0101491666
            ],
            "e6": [
                0.6891021931,
                0.3108978069
            ],
            "e7": [
                6.197635825e-16,
                1.0
            ]
        },
        "s3": {
            "e1": [
                0.0024084646,
                0.9975915354
            ],
            "e2": [
                0.3695107243,
                0.6304892757
            ],
            "e3": [
                0.0635896022,
                0.9364103978
            ],
            "e4": [
                0.3991425023,
                0.6008574977
            ],
            "e5": [
                1.270962577e-18,
                1.0
            ],
            "e6": [
                0.7351528632,
                0.2648471368
            ],
            "e7": [
                0.0,
                1.0
            ]
        },
        "s4": {
            "e1": [
                7.40837e-05,
                0.9999259163
            ],
            "e2": [
                0.3691876621,
                0.6308123379
            ],
            "e3": [
                0.0,
                1.0
            ],
            "e4": [
                0.4415613572,
                0.5584386428
            ],
            "e5": [
                0.0,
                1.0
            ],
            "e6": [
                0.1681432042,
                0.8318567958
            ],
            "e7": [
                0.0,
                1.0
            ]
        },
        "s5": {
            "e1": [
                2.02e-08,
                0.9999999798
            ],
            "e2": [
                0.3655672965,
                0.6344327035
            ],
            "e3": [
                3.22569e-05,
                0.9999677431
            ],
            "e4": [
                0.3416161863,
                0.6583838137
            ],
            "e5": [
                0.0006873138,
                0.9993126862
            ],
            "e6": [
                0.0,
                1.0
            ],
            "e7": [
                0.0,
                1.0
            ]
        },
        "s6": {
            "e1": [
                0.0,
                1.0
            ],
            "e2": [
                0.3961750397,
                0.6038249603
            ],
            "e3": [
                0.0,
                1.0
            ],
            "e4": [
                0.3424532148,
                0.6575467852
            ],
            "e5": [
                0.0065851286,
                0.9934148714
            ],
            "e6": [
                0.0085728405,
                0.9914271595
            ],
            "e7": [
                0.0,
                1.0
            ]
        },
        "s7": {
            "e1": [
                0.0,
                1.0
            ],
            "e2": [
                0.3441075455,
                0.6558924545
            ],
            "e3": [
                0.421515349,
                0.578484651
            ],
            "e4": [
                0.3155073412,
                0.6844926588
            ],
            "e5": [
                1.069e-06,
                0.999998931
            ],
            "e6": [
                0.5196347514,
                0.4803652486
            ],
            "e7": [
                3.535555749e-25,
                1.0
            ]
        },
        "s8": {
            "e1": [
                0.0,
                1.0
            ],
            "e2": [
                0.3165804715,
                0.6834195285
            ],
            "e3": [
                3.842e-07,
                0.9999996158
            ],
            "e4": [
                0.3701539046,
                0.6298460954
            ],
            "e5": [
                0.0,
                1.0
            ],
            "e6": [
                0.4161577674,
                0.5838422326
            ],
            "e7": [
                3.45e-08,
                0.9999999655
            ]
        },
        "s9": {
            "e1": [
                0.0151649001,
                0.9848350999
            ],
            "e2": [
                0.3870126666,
                0.6129873334
            ],
            "e3": [
                0.3376109586,
                0.6623890414
            ],
            "e4": [
                0.3907732025,
                0.6092267975
            ],
            "e5": [
                0.0,
                1.0
            ],
            "e6": [
                0.0,
                1.0
            ],
            "e7": [
                1.8477e-06,
                0.9999981523
            ]
        },
        "s10": {
            "e1": [
                8.92e-08,
                0.9999999108
            ],
            "e2": [
                0.3787706971,
                0.6212293029
            ],
            "e3": [
                1.2322e-06,
                0.9999987678
            ],
            "e4": [
                0.3920845524,
                0.6079154476
            ],
            "e5": [
                0.0836688865,
                0.9163311135
            ],
            "e6": [
                0.0029924784,
                0.9970075216
            ],
            "e7": [
                0.0,
                1.0
            ]
        }
    }
}