{
    "damage_states": [
        "ds1",
        "ds2",
        "ds3"
    ],
    "scenarios": {
        "s1": {
            "e1": [
                1.5,
                0.3,
                0.15
            ],
            "e2": [
                0.9013878188659973,
                0.18027756377319945,
                0.09013878188659973
            ],
            "e3": [
                0.9013878188659973,
                0.18027756377319945,
                0.09013878188659973
            ],
            "e4": [
                1.0540925533894598,
                0.21081851067789198,
                0.10540925533894599
            ],
            "e5": [
                0.9428090415820635,
                0.1885618083164127,
                0.09428090415820635
            ],
            "e6": [
                0.7071067811865475,
                0.1414213562373095,
                0.07071067811865475
            ]
        }
    }
}