{
 "damage_states": [
  "failure",
  "survival"
 ],
 "scenarios": {
  "s1": {
   "e1_2": [
    0.16103567984645456,
    0.8389643201535455
   ],
   "e1_3": [
    0.05827201160206725,
    0.9417279883979327
   ],
   "e2_6": [
    0.005238785156019663,
    0.9947612148439804
   ],
   "e3_4": [
    0.00019271317163930147,
    0.9998072868283607
   ],
   "e3_12": [
    0.4794818682208782,
    0.5205181317791219
   ],
   "e4_5": [
    0.43824533099306395,
    0.561754669006936
   ],
   "e4_11": [
    0.16103567984645456,
    0.8389643201535455
   ],
   "e5_6": [
    0.05827201160206725,
    0.9417279883979327
   ],
   "e5_9": [
    0.005238785156019663,
    0.9947612148439804
   ],
   "e6_8": [
    0.00019271317163930147,
    0.9998072868283607
   ],
   "e7_8": [
    0.4794818682208782,
    0.5205181317791219
   ],
   "e7_18": [
    0.43824533099306395,
    0.561754669006936
   ],
   "e8_9": [
    0.16103567984645456,
    0.8389643201535455
   ],
   "e8_16": [
    0.05827201160206725,
    0.9417279883979327
   ],
   "e9_10": [
    0.005238785156019663,
    0.9947612148439804
   ],
   "e10_11": [
    0.00019271317163930147,
    0.9998072868283607
   ],
   "e10_15": [
    0.4794818682208782,
    0.5205181317791219
   ],
   "e10_16": [
    0.43824533099306395,
    0.561754669006936
   ],
   "e10_17": [
    0.16103567984645456,
    0.8389643201535455
   ],
   "e11_12": [
    0.05827201160206725,
    0.9417279883979327
   ],
   "e11_14": [
    0.005238785156019663,
    0.9947612148439804
   ],
   "e12_13": [
    0.00019271317163930147,
    0.9998072868283607
   ],
   "e13_24": [
    0.4794818682208782,
    0.5205181317791219
   ],
   "e14_15": [
    0.43824533099306395,
    0.561754669006936
   ],
    "e14_23": [
     0.43824533099306395,
    0.561754669006936
   ],
     "e15_19": [
     0.43824533099306395,
    0.561754669006936
       ],
     "e15_22": [
      0.43824533099306395,
    0.561754669006936
   ],
     "e16_17": [
       0.43824533099306395,
    0.561754669006936
  ],
     "e16_18": [
     0.43824533099306395,
    0.561754669006936
    ],
     "e17_19": [
     0.43824533099306395,
    0.561754669006936
    ],
     "e18_20": [
     0.43824533099306395,
    0.561754669006936
    ],
     "e19_20": [
     0.43824533099306395,
    0.561754669006936
    ],
     "e20_21": [
     0.43824533099306395,
    0.561754669006936
    ],
     "e20_22": [
     0.43824533099306395,
    0.561754669006936
    ],
     "e21_22": [
     0.43824533099306395,
    0.561754669006936
    ],
     "e21_24": [
     0.43824533099306395,
    0.561754669006936
    ],
     "e22_23": [
     0.43824533099306395,
    0.561754669006936
    ],
     "e23_24": [
     0.43824533099306395,
    0.561754669006936
    ]
  }
 }
}

