{
    "damage_states": [
        "ds1",
        "ds2",
        "ds3"
    ],
    "scenarios": {
        "s1": {
            "e1": [
                1.161234007510975,
                0.232246801502195,
                0.1161234007510975
            ],
            "e2": [
                1.166500015002143,
                0.2333000030004286,
                0.1166500015002143
            ],
            "e3": [
                1.4076883621739575,
                0.2815376724347915,
                0.14076883621739575
            ],
            "e4": [
                0.40631653190585265,
                0.08126330638117053,
                0.04063165319058527
            ],
            "e5": [
                0.6334335846006278,
                0.12668671692012556,
                0.06334335846006278
            ],
            "e6": [
                0.828644294736892,
                0.1657288589473784,
                0.0828644294736892
            ],
            "e7": [
                0.40048184141106896,
                0.0800963682822138,
                0.0400481841411069
            ],
            "e8": [
                0.471304521514488,
                0.0942609043028976,
                0.0471304521514488
            ],
            "e9": [
                0.755459597397504,
                0.1510919194795008,
                0.0755459597397504
            ],
            "e10": [
                0.8307627628270292,
                0.16615255256540584,
                0.08307627628270292
            ],
            "e11": [
                0.24088764289601924,
                0.04817752857920385,
                0.024088764289601924
            ],
            "e12": [
                1.1246870749235096,
                0.2249374149847019,
                0.11246870749235095
            ],
            "e13": [
                1.1701032161736842,
                0.23402064323473684,
                0.11701032161736842
            ],
            "e14": [
                0.37155706156659135,
                0.07431141231331827,
                0.037155706156659134
            ],
            "e15": [
                0.7850187985010295,
                0.1570037597002059,
                0.07850187985010296
            ],
            "e16": [
                0.5658829522083162,
                0.11317659044166324,
                0.05658829522083162
            ],
            "e17": [
                1.0588064553071066,
                0.2117612910614213,
                0.10588064553071065
            ],
            "e18": [
                0.48278835580407353,
                0.0965576711608147,
                0.04827883558040735
            ],
            "e19": [
                0.5195836641004028,
                0.10391673282008056,
                0.05195836641004028
            ],
            "e20": [
                0.18863356753239902,
                0.037726713506479805,
                0.018863356753239902
            ],
            "e21": [
                0.9317628288894125,
                0.1863525657778825,
                0.09317628288894125
            ],
            "e22": [
                0.9373783428264172,
                0.18747566856528344,
                0.09373783428264172
            ],
            "e23": [
                0.9461607866002477,
                0.18923215732004955,
                0.09461607866002478
            ],
            "e24": [
                0.25156072447820604,
                0.05031214489564121,
                0.025156072447820605
            ],
            "e25": [
                0.6947611556499107,
                0.13895223112998215,
                0.06947611556499107
            ],
            "e26": [
                0.48470198441929224,
                0.09694039688385844,
                0.04847019844192922
            ],
            "e27": [
                0.9274537397088871,
                0.18549074794177742,
                0.09274537397088871
            ],
            "e28": [
                0.12556000000000012,
                0.025112000000000023,
                0.012556000000000012
            ],
            "e29": [
                0.311096368509824,
                0.0622192737019648,
                0.0311096368509824
            ],
            "e30": [
                0.7646796569806208,
                0.15293593139612416,
                0.07646796569806208
            ],
            "e31": [
                0.7384589994034876,
                0.14769179988069753,
                0.07384589994034876
            ],
            "e32": [
                0.1600582225316774,
                0.03201164450633548,
                0.01600582225316774
            ],
            "e33": [
                0.36139434527950187,
                0.07227886905590038,
                0.03613943452795019
            ],
            "e34": [
                0.8105439988674275,
                0.1621087997734855,
                0.08105439988674275
            ],
            "e35": [
                1.3195746307428013,
                0.26391492614856027,
                0.13195746307428013
            ],
            "e36": [
                1.033694871226514,
                0.20673897424530277,
                0.10336948712265139
            ],
            "e37": [
                1.004688034068287,
                0.20093760681365744,
                0.10046880340682872
            ],
            "e38": [
                0.8470703898142112,
                0.16941407796284225,
                0.08470703898142112
            ],
            "e39": [
                0.3654660402828145,
                0.0730932080565629,
                0.03654660402828145
            ],
            "e40": [
                0.8943515937817743,
                0.17887031875635487,
                0.08943515937817743
            ],
            "e41": [
                0.7015875251171446,
                0.14031750502342893,
                0.07015875251171447
            ],
            "e42": [
                0.8067584080132045,
                0.1613516816026409,
                0.08067584080132045
            ],
            "e43": [
                0.6323993467738562,
                0.12647986935477123,
                0.06323993467738562
            ],
            "e44": [
                1.148582470003787,
                0.22971649400075742,
                0.11485824700037871
            ],
            "e45": [
                0.1583394057081185,
                0.0316678811416237,
                0.01583394057081185
            ],
            "e46": [
                1.385031593899576,
                0.2770063187799152,
                0.1385031593899576
            ],
            "e47": [
                0.20315723590362217,
                0.040631447180724437,
                0.020315723590362218
            ],
            "e48": [
                0.13399552604471554,
                0.02679910520894311,
                0.013399552604471555
            ],
            "e49": [
                0.9926389575268542,
                0.19852779150537084,
                0.09926389575268542
            ],
            "e50": [
                0.15694999999999992,
                0.03138999999999999,
                0.015694999999999994
            ],
            "e51": [
                0.22195374765928144,
                0.04439074953185629,
                0.022195374765928144
            ],
            "e52": [
                0.14870674833375905,
                0.02974134966675181,
                0.014870674833375905
            ],
            "e53": [
                0.25458333979268966,
                0.05091666795853793,
                0.025458333979268964
            ],
            "e54": [
                0.8923913642007075,
                0.1784782728401415,
                0.08923913642007075
            ],